x,train_mean0,train_sd1,test_mean2,test_sd3
0,3.1333332,0.28867513,2.8999999,0.36055517
134138,3.17,0.31432465,2.9166667,0.33560893
268276,3.2329998,0.34992567,2.9950001,0.24393238
402414,3.3597,0.37673712,3.1221666,0.19785288
536552,3.4770632,0.39628035,3.2566166,0.18937653
670690,3.6826904,0.29811096,3.3942883,0.25573748
804828,3.8044212,0.18329772,3.5148594,0.32428843
938967,3.8439791,0.14388464,3.5933735,0.3350971
1073105,3.9462478,0.11086445,3.7073696,0.3103202
1207243,4.0849566,0.09936214,3.8466327,0.31211135
1341381,4.209794,0.14854953,4.058636,0.34237558
1475519,4.3688145,0.1953947,4.2061057,0.30544627
1609657,4.5519333,0.27038833,4.3288283,0.30139813
1743796,4.6967397,0.2868738,4.432613,0.28968218
1877934,4.830399,0.31324682,4.5126843,0.279446
2012072,4.9540257,0.32408002,4.598082,0.28163666
2146210,5.061957,0.34025246,4.7082744,0.21834114
2280348,5.205761,0.2791885,4.767447,0.1797926
2414486,5.2885184,0.2561481,4.797369,0.09915552
2548625,5.359667,0.19403924,4.8676324,0.10253853
2682763,5.4903665,0.16694945,4.9308686,0.14890292
2816901,5.564663,0.18047427,4.9977818,0.10354393
2951039,5.65153,0.16995527,5.0746703,0.13082726
3085177,5.773044,0.1864884,5.09387,0.061019413
3219315,5.8257394,0.1481743,5.1511497,0.026627386
3353454,5.9064984,0.17698511,5.179368,0.008893847
3487592,5.919182,0.1675223,5.168098,0.04456339
3621730,5.9472637,0.12485441,5.204622,0.024297373
3755868,5.9758706,0.12043633,5.227493,0.007909246
3890006,5.991617,0.07823034,5.24141,0.044950657
4024144,6.0691223,0.07111839,5.2939353,0.042913858
4158283,6.1488767,0.118917644,5.387876,0.0076225037
4292421,6.2206554,0.15810142,5.4024215,0.031286553
4426559,6.2785897,0.17774408,5.4355125,0.10129111
4560697,6.3340645,0.12581368,5.4719615,0.06994973
4694835,6.3573246,0.120434605,5.468098,0.04166438
4828973,6.3682594,0.16247323,5.464622,0.11949352
4963112,6.4114327,0.15029815,5.428159,0.19160968
5097250,6.4236226,0.17290284,5.375344,0.1532607
5231388,6.441261,0.16417296,5.374476,0.102371626
5365526,6.433801,0.15475577,5.4036956,0.06696897
5499664,6.447088,0.15628332,5.393326,0.048494644
5633802,6.4690456,0.15345053,5.3806596,0.08514664
5767940,6.4821415,0.14293587,5.3792605,0.083653644
5902079,6.52726,0.12748049,5.3713346,0.11599469
6036217,6.5478673,0.097146235,5.314201,0.14611663
6170355,6.543081,0.090980284,5.306114,0.14591907
6304493,6.6354394,0.09422871,5.3488364,0.14781238
6438631,6.685229,0.15272598,5.393953,0.110934496
6572769,6.6733727,0.16629909,5.3978906,0.09742148
6706908,6.7327023,0.17814022,5.4481015,0.11477075
6841046,6.8094316,0.1813715,5.4866242,0.09615107
6975184,6.8118224,0.17623451,5.5079627,0.108273596
7109322,6.823973,0.18728404,5.5338326,0.090832025
7243460,6.828242,0.18310498,5.520449,0.11704903
7377598,6.8454185,0.15933423,5.541738,0.12462927
7511737,6.837543,0.16366687,5.5175643,0.11590409
7645875,6.867122,0.20058031,5.5158076,0.11126699
7780013,6.8770766,0.24272045,5.544227,0.14274009
7914151,6.916035,0.24875714,5.5231376,0.14617161
8048289,6.9277654,0.19177546,5.4608235,0.09079036
8182427,6.974989,0.19844323,5.4147415,0.06512609
8316566,6.960823,0.22906786,5.389934,0.08731982
8450704,7.0014076,0.24219255,5.404274,0.1063005
8584842,7.0612664,0.22607918,5.4138465,0.13630973
8718980,7.0718064,0.227486,5.425795,0.11574709
8853118,7.071293,0.13596648,5.416549,0.10622357
8987256,7.07083,0.16388543,5.3982277,0.10122903
9121395,7.1237473,0.14166006,5.3784046,0.10981808
9255533,7.121372,0.15743223,5.390564,0.14058378
9389671,7.172569,0.19088654,5.404841,0.12848231
9523809,7.1753116,0.16792294,5.401024,0.08629228
9657947,7.1977806,0.16164932,5.434255,0.04182752
9792085,7.2113357,0.16774969,5.427496,0.05787619
9926224,7.2035356,0.13766687,5.4480796,0.034311574
10060362,7.216516,0.14630623,5.4632716,0.045046058
10194500,7.244864,0.13167566,5.4536114,0.019854374
10328638,7.2203774,0.074924275,5.4515834,0.028706651
10462776,7.2216735,0.113358505,5.4197583,0.040196545
10596914,7.2461724,0.15318206,5.444449,0.015843613
10731052,7.258222,0.17289117,5.4166713,0.048695944
10865191,7.255733,0.1632222,5.395004,0.10529727
10999329,7.2634926,0.20308848,5.378837,0.119921505
11133467,7.2638106,0.20333877,5.414286,0.062400162
11267605,7.270763,0.20585138,5.4461913,0.024085447
11401743,7.2770195,0.22930534,5.4582386,0.039708324
11535881,7.2959847,0.19688688,5.4124146,0.117279686
11670020,7.3163857,0.17620221,5.39784,0.2432144
11804158,7.3280807,0.1312822,5.4280562,0.32221124
11938296,7.3519397,0.10313354,5.4552503,0.2627104
12072434,7.3200784,0.07192802,5.4497256,0.1609465
12206572,7.2947373,0.093005285,5.4080863,0.109122545
12340710,7.3319306,0.09360051,5.4072776,0.111896805
12474849,7.332071,0.078104615,5.403216,0.099527955
12608987,7.332197,0.16887167,5.416228,0.06498515
12743125,7.368977,0.13471964,5.4146056,0.060829975
12877263,7.4220796,0.14079234,5.4164786,0.023621503
13011401,7.436538,0.11630699,5.431497,0.09159388
13145539,7.4562173,0.08226017,5.4216805,0.12509744
13279678,7.4639297,0.10890539,5.4195123,0.15684295
13413816,7.487536,0.12542556,5.407561,0.20036022
13547954,7.465449,0.10149346,5.4168053,0.1596013
13682092,7.465571,0.099424936,5.4717917,0.15929072
13816230,7.479014,0.07128149,5.4746118,0.13619919
13950368,7.4577794,0.03169508,5.5338173,0.09536726
14084507,7.448668,0.048562087,5.537103,0.04201095
14218645,7.473801,0.06996213,5.5100594,0.023997778
14352783,7.4997544,0.05147937,5.4557195,0.03543649
14486921,7.5164456,0.06287178,5.4568143,0.065947704
14621059,7.514801,0.046046875,5.4711328,0.08331886
14755197,7.5633206,0.011068437,5.49402,0.08989829
14889336,7.556989,0.042583887,5.4846177,0.14279088
15023474,7.5646234,0.07910119,5.449489,0.16998234
15157612,7.5581613,0.07391017,5.4745407,0.18560392
15291750,7.5823455,0.067349285,5.497087,0.1826959
15425888,7.6107774,0.019457204,5.5307117,0.15104122
15560026,7.603033,0.05148973,5.5543065,0.13682902
15694164,7.619396,0.07506168,5.5622096,0.116617344
15828303,7.6274567,0.059918508,5.5859885,0.12622398
15962441,7.6747108,0.03290656,5.590723,0.086502776
16096579,7.6972404,0.091127686,5.558317,0.058113582
16230717,7.704182,0.08929359,5.5358186,0.07776177
16364855,7.6804314,0.07754399,5.528904,0.062182855
16498993,7.649054,0.051703118,5.569347,0.045266945
16633132,7.674149,0.051846374,5.6157455,0.061290078
16767270,7.663401,0.08805224,5.5975037,0.08067276
16901408,7.690394,0.13326868,5.601087,0.059842728
17035546,7.688021,0.08956451,5.614311,0.08734456
17169684,7.7158856,0.101844385,5.56288,0.113701046
17303822,7.694298,0.07831671,5.546592,0.11231487
17437961,7.6748676,0.066798866,5.5385995,0.06646311
17572099,7.6740475,0.111601666,5.5314064,0.024828104
17706237,7.69331,0.120147094,5.5215993,0.0482695
17840375,7.6873116,0.05637429,5.482773,0.08125836
17974513,7.6719136,0.07095774,5.4578285,0.101036735
18108651,7.671389,0.12895334,5.4687123,0.16712517
18242790,7.664251,0.14742246,5.4051747,0.16963284
18376928,7.704492,0.13708423,5.3913236,0.22290616
18511066,7.710709,0.17277727,5.415525,0.19205338
18645204,7.689638,0.17878093,5.443972,0.19838962
18779342,7.667341,0.20240472,5.4662414,0.17902711
18913480,7.6872735,0.19325525,5.442951,0.19395174
19047619,7.705213,0.1946234,5.418656,0.1947637
19181757,7.664692,0.15794802,5.4134574,0.20119753
19315895,7.6582227,0.13940006,5.415445,0.11053996
19450033,7.625734,0.14624712,5.4139,0.107366
19584171,7.6598268,0.12774841,5.4325104,0.12980986
19718309,7.633844,0.11729417,5.4559255,0.12986742
19852448,7.6871266,0.13610074,5.4903336,0.14070523
19986586,7.68508,0.138741,5.4813,0.13418527
20120724,7.706572,0.14915618,5.516503,0.14931092
20254862,7.7059155,0.11805307,5.5415196,0.1693507
20389000,7.70199,0.1304221,5.5240345,0.15303323
20523138,7.6817913,0.10739104,5.5282974,0.13375019
20657276,7.700279,0.12784511,5.5121346,0.17359342
20791415,7.6935844,0.13190745,5.5409207,0.21183833
20925553,7.657559,0.0809028,5.5534954,0.18460515
21059691,7.6518035,0.08387237,5.5514793,0.17458113
21193829,7.676623,0.11940053,5.5396647,0.17777513
21327967,7.6456275,0.08629079,5.479032,0.17290495
21462105,7.6510644,0.078230225,5.4777946,0.17554867
21596244,7.669291,0.11754453,5.480016,0.14514488
21730382,7.635696,0.22118078,5.4953475,0.08434114
21864520,7.642126,0.19106972,5.502479,0.032100096
21998658,7.66458,0.20573391,5.532232,0.0432838
22132796,7.6814556,0.23240668,5.5423417,0.064054914
22266934,7.69331,0.2055194,5.5514407,0.028476795
22401073,7.727312,0.19067614,5.51963,0.021384241
22535211,7.704581,0.17271169,5.4943337,0.034327913
22669349,7.7174563,0.13179174,5.5449004,0.03924471
22803487,7.749044,0.13196304,5.56041,0.0560578
22937625,7.7608066,0.14727695,5.544369,0.038835976
23071763,7.734726,0.13890275,5.5832653,0.079791695
23205902,7.7245865,0.18119434,5.604939,0.12395192
23340040,7.765461,0.14783224,5.5911117,0.14486969
23474178,7.782248,0.13872877,5.645334,0.18059705
23608316,7.7940235,0.15871564,5.704134,0.19579692
23742454,7.814621,0.15487246,5.7237206,0.18291883
23876592,7.7631593,0.18677528,5.6713486,0.16647553
24010731,7.7768435,0.18978195,5.6742134,0.14218217
24144869,7.7458253,0.19463238,5.6634593,0.12365606
24279007,7.741243,0.17271928,5.6637797,0.12396437
24413145,7.7071185,0.22569768,5.6140685,0.090002105
24547283,7.71974,0.20648926,5.575995,0.059173778
24681421,7.697766,0.24208848,5.598395,0.05066677
24815560,7.7013226,0.21286777,5.5618896,0.047195856
24949698,7.7045236,0.2332448,5.549034,0.12875558
25083836,7.730738,0.16570805,5.5241303,0.09185254
25217974,7.704331,0.118124366,5.498384,0.075784475
25352112,7.673898,0.08721344,5.525212,0.033412162
25486250,7.729841,0.102594726,5.5460243,0.026893383
25620389,7.7268577,0.08462961,5.558089,0.122382395
25754527,7.7341714,0.07369732,5.538946,0.12955041
25888665,7.754088,0.12652837,5.541719,0.09579462
26022803,7.772012,0.12903726,5.5775466,0.080412984
26156941,7.8281446,0.11924966,5.6197915,0.041902553
26291079,7.831997,0.13694674,5.6311455,0.035088092
26425217,7.8554635,0.08215263,5.638031,0.011895419
26559356,7.893251,0.10624923,5.657562,0.02743363
26693494,7.883925,0.12111878,5.6618056,0.055326737
26827632,7.885533,0.0851193,5.6356254,0.08019349
26961770,7.860313,0.046606928,5.618729,0.030453818
27095908,7.8276153,0.07095738,5.5901895,0.0043922463
27230046,7.8648534,0.10117318,5.6078377,0.04894073
27364185,7.858368,0.09851296,5.577053,0.09218315
27498323,7.8358645,0.10862918,5.556015,0.07525921
27632461,7.838945,0.0926102,5.5370803,0.09785056
27766599,7.845051,0.073943414,5.566705,0.15864941
27900737,7.827212,0.11238483,5.550035,0.15821765
28034875,7.8044906,0.091230035,5.551698,0.13595146
28169014,7.8040414,0.076384455,5.606528,0.11307414
28303152,7.8236375,0.061355602,5.6092086,0.10413909
28437290,7.7979407,0.10030309,5.6216216,0.082972266
28571428,7.8114796,0.1349412,5.6127925,0.06811365
28705566,7.8236656,0.13587737,5.6115136,0.05149131
28839704,7.861299,0.1219991,5.657028,0.10120539
28973843,7.8318353,0.13772671,5.661326,0.12596719
29107981,7.8386517,0.14034165,5.668526,0.17656012
29242119,7.844786,0.1560536,5.64834,0.15559885
29376257,7.860308,0.1338576,5.6535068,0.15745017
29510395,7.854277,0.10031757,5.664822,0.1270311
29644533,7.855516,0.12880525,5.665007,0.10147567
29778672,7.866632,0.1472225,5.668506,0.062111616
29912810,7.9033012,0.1552634,5.644989,0.024121294
30046948,7.8663044,0.12542534,5.5971565,0.03256549
30181086,7.899675,0.088406146,5.607441,0.037678294
30315224,7.88304,0.091357976,5.6400304,0.060532242
30449362,7.868069,0.08033078,5.602694,0.0845316
30583501,7.8445954,0.13794991,5.6024246,0.14685602
30717639,7.846803,0.2129783,5.648848,0.15981781
30851777,7.848789,0.22439644,5.6439643,0.18759154
30985915,7.880577,0.19192526,5.596234,0.17632674
31120053,7.8891854,0.20513166,5.566611,0.1881461
31254191,7.876934,0.16934997,5.5199494,0.20538674
31388329,7.862574,0.15745151,5.5712876,0.15087326
31522468,7.856317,0.10699796,5.600826,0.11281336
31656606,7.8540177,0.09453286,5.5840764,0.12133399
31790744,7.84195,0.09873471,5.5756683,0.12336593
31924882,7.8310876,0.063085616,5.651436,0.10614725
32059020,7.7979794,0.09046426,5.699625,0.07152268
32193158,7.814848,0.10196923,5.689663,0.078350075
32327297,7.8133636,0.14703715,5.68403,0.086826205
32461435,7.8186936,0.10455711,5.7022934,0.07044375
32595573,7.8434906,0.10978189,5.6987305,0.046190355
32729711,7.8891416,0.06758473,5.6488576,0.055880193
32863849,7.890228,0.09141352,5.687305,0.041919596
32997987,7.854538,0.052962437,5.7219086,0.039013833
33132126,7.8990846,0.10790864,5.7030506,0.07589168
33266264,7.909176,0.11531858,5.6927457,0.073554754
33400402,7.868258,0.11015707,5.683471,0.052096605
33534540,7.878099,0.14773725,5.6184573,0.107939124
33668678,7.8902893,0.17789859,5.609945,0.09637226
33802816,7.8945937,0.19633192,5.6189504,0.09020424
33936955,7.875134,0.19227067,5.6170554,0.13407753
34071093,7.8809543,0.1487779,5.652016,0.16074595
34205231,7.8795257,0.14412312,5.660148,0.12365017
34339369,7.87824,0.12691216,5.7008,0.11842577
34473507,7.8804154,0.10195007,5.69072,0.09027909
34607645,7.8757076,0.096979536,5.708315,0.0392094
34741784,7.8848033,0.115399286,5.7241497,0.002606805
34875922,7.8963227,0.045735646,5.698401,0.030955812
35010060,7.8700237,0.041479904,5.6718946,0.025308058
35144198,7.849688,0.040426232,5.671372,0.027866313
35278336,7.8280525,0.024328627,5.694235,0.022958474
35412474,7.815248,0.008057556,5.651478,0.04579935
35546613,7.7903895,0.03492852,5.602997,0.055297606
35680751,7.8313503,0.05110036,5.6093636,0.044137545
35814889,7.8515487,0.045177076,5.6117606,0.03158623
35949027,7.836394,0.0077890097,5.660584,0.058638036
36083165,7.849421,0.02682186,5.6678596,0.10737588
36217303,7.8844795,0.052312303,5.6710734,0.110935055
36351441,7.9226975,0.031093605,5.7139664,0.12627131
36485580,7.9104285,0.04049102,5.735903,0.1338201
36619718,7.9293847,0.07057571,5.7256455,0.17673706
36753856,7.9197803,0.09361065,5.683081,0.20089488
36887994,7.921135,0.119639225,5.64144,0.225557
37022132,7.939022,0.12900786,5.6472955,0.2351841
37156270,7.918453,0.0699378,5.6325665,0.18432471
37290409,7.899941,0.093898065,5.6259766,0.114289425
37424547,7.909947,0.12866959,5.596712,0.089729756
37558685,7.948952,0.14258921,5.5837073,0.103380084
37692823,7.9207234,0.16113067,5.572004,0.10600979
37826961,7.935318,0.16943395,5.618136,0.12356834
37961099,7.921786,0.2095613,5.616323,0.16050355
38095238,7.889608,0.21097706,5.6280236,0.19928046
38229376,7.907314,0.23235439,5.6185546,0.17616495
38363514,7.9199157,0.23956239,5.653366,0.16662337
38497652,7.9312572,0.25672317,5.6380296,0.19551404
38631790,7.9481316,0.27073255,5.64756,0.22890753
38765928,7.949985,0.2626157,5.649471,0.23348837
38900067,7.958319,0.21300308,5.617857,0.26004103
39034205,7.9591546,0.23301387,5.6060715,0.2776052
39168343,7.989906,0.21177989,5.602131,0.2808766
39302481,7.957582,0.18116455,5.535251,0.23812975
39436619,7.92849,0.17133799,5.535059,0.2222867
39570757,7.8756413,0.21722077,5.5482197,0.20140396
39704896,7.8714104,0.20893598,5.576731,0.21022597
39839034,7.8442693,0.22268046,5.5490584,0.2365775
39973172,7.8931756,0.18121897,5.5408187,0.1755957
40107310,7.903858,0.19716343,5.5800705,0.22398043
40241448,7.953472,0.17406784,5.6153965,0.24229746
40375586,7.984792,0.19224718,5.58719,0.2791244
40509725,7.9663124,0.17302242,5.6084714,0.2775256
40643863,7.9896817,0.14107217,5.664291,0.29014465
40778001,8.014047,0.15321487,5.6845284,0.295308
40912139,8.045976,0.13486074,5.699409,0.27998614
41046277,8.031378,0.13780624,5.6828017,0.25738752
41180415,8.041574,0.11580999,5.6578546,0.19429347
41314553,8.007416,0.1015694,5.652069,0.15839012
41448692,8.013341,0.037545163,5.6368623,0.1294788
41582830,8.042007,0.024116324,5.5831757,0.069959834
41716968,8.034473,0.065807946,5.551525,0.05740088
41851106,8.021026,0.06436506,5.496372,0.065391645
41985244,7.9855895,0.06685859,5.5134025,0.104259826
42119382,8.013698,0.069003984,5.525395,0.13609494
42253521,8.042328,0.11132526,5.552856,0.13314769
42387659,8.011428,0.05122304,5.570904,0.09566406
42521797,7.9702854,0.0514757,5.57048,0.08590245
42655935,7.99659,0.021251451,5.5834312,0.098837845
42790073,8.023598,0.060207594,5.5984216,0.08999791
42924211,8.051238,0.07722736,5.5752463,0.17861648
43058350,8.079448,0.0596494,5.5510545,0.2276872
43192488,8.018169,0.12684278,5.5692825,0.18650857
43326626,8.0096855,0.15275995,5.582355,0.20185554
43460764,7.998717,0.15730797,5.574119,0.19052304
43594902,7.988846,0.12819004,5.573374,0.1393458
43729040,7.959961,0.08361123,5.5560365,0.15029852
43863179,7.9806314,0.055359256,5.5571,0.11634597
43997317,7.9925685,0.032657225,5.5713897,0.15600868
44131455,7.976645,0.05191834,5.5742507,0.18444675
44265593,7.988981,0.02616345,5.596826,0.1729076
44399731,7.9400826,0.0758847,5.6138096,0.12745617
44533869,7.966074,0.065940306,5.5790954,0.10276914
44668008,7.9528003,0.054154385,5.594519,0.12695864
44802146,8.00752,0.07456795,5.608401,0.11013864
44936284,8.033435,0.09379461,5.6342273,0.15619259
45070422,7.9867578,0.1331848,5.587471,0.123545006
45204560,8.014749,0.16894436,5.5887237,0.11612636
45338698,8.003274,0.1785076,5.6231847,0.16958794
45472837,7.97628,0.15740804,5.5942,0.18037699
45606975,7.9819856,0.15636975,5.58478,0.19768442
45741113,8.000453,0.14098816,5.6129684,0.15570751
45875251,8.000408,0.08968373,5.618338,0.17902038
46009389,8.000367,0.094686195,5.633171,0.17084385
46143527,7.993664,0.10496915,5.6131873,0.13079037
46277665,7.980964,0.1175805,5.638535,0.10213931
46411804,7.959534,0.122083515,5.654682,0.019929048
46545942,7.963581,0.10354792,5.629214,0.04415349
46680080,7.98389,0.058019277,5.6029587,0.1058215
46814218,7.998834,0.08091353,5.609329,0.11974176
46948356,8.012284,0.10776397,5.615063,0.13417964
47082494,8.067722,0.13241582,5.610224,0.10814303
47216633,8.05095,0.09261635,5.6092014,0.081782006
47350771,8.062522,0.038315132,5.604948,0.10217497
47484909,8.116269,0.04230449,5.5977864,0.1302848
47619047,8.074643,0.028277542,5.5280075,0.13490228
47753185,8.080512,0.0069621555,5.525207,0.14628471
47887323,8.089127,0.017080588,5.52602,0.15144227
48021462,8.103547,0.057850324,5.5534177,0.108009465
48155600,8.106526,0.052573558,5.574743,0.14322674
48289738,8.105874,0.03174585,5.5539346,0.10667133
48423876,8.101953,0.021230219,5.568541,0.109738104
48558014,8.071757,0.017028399,5.598354,0.06553837
48692152,8.101249,0.015005342,5.601852,0.0570133
48826291,8.05779,0.04586391,5.601667,0.051297314
48960429,8.055345,0.08011012,5.608167,0.116032176
49094567,8.0531435,0.0704719,5.604017,0.14580889
49228705,8.044496,0.08160059,5.6169486,0.16143098
49362843,8.07338,0.038661774,5.62192,0.14485009
49496981,8.096042,0.01747601,5.6530614,0.13987088
49631120,8.053104,0.06346359,5.6610885,0.08825584
49765258,8.034461,0.06024014,5.66498,0.08424541
49899396,7.9976807,0.005405283,5.631815,0.07283889
50033534,8.001246,0.032572027,5.6053004,0.0045563555
50167672,7.9777884,0.030984545,5.601437,0.04290565
50301810,7.9866767,0.012001596,5.5746264,0.08001558
50435949,7.984675,0.07626101,5.610497,0.08892667
50570087,8.019542,0.07938986,5.6194477,0.04240284
50704225,8.037587,0.084348425,5.610836,0.0426473
50838363,8.013828,0.093176976,5.589752,0.025537293
50972501,8.039112,0.08209036,5.5641103,0.043698903
51106639,8.061868,0.08710708,5.5910325,0.10212485
51240778,8.085681,0.063093126,5.6052628,0.08171891
51374916,8.110446,0.058044493,5.6147366,0.082678415
51509054,8.146069,0.07498982,5.653263,0.046855323
51643192,8.161461,0.09280285,5.66127,0.052684918
51777330,8.148648,0.08464573,5.6618094,0.10244628
51911468,8.16045,0.07037942,5.6022954,0.052855123
52045606,8.177738,0.06688133,5.5987325,0.019809937
52179745,8.219964,0.050777838,5.6121926,0.06264485
52313883,8.231301,0.08484996,5.600973,0.09797573
52448021,8.241505,0.1204822,5.5708756,0.11439855
52582159,8.287354,0.15099105,5.533788,0.08967717
52716297,8.288619,0.11375451,5.5037427,0.029776037
52850435,8.263091,0.067262515,5.553369,0.06255685
52984574,8.316781,0.09134853,5.5780315,0.07308211
53118712,8.308436,0.06640439,5.610228,0.09152045
53252850,8.280927,0.05037354,5.6125393,0.06460567
53386988,8.2495,0.031443045,5.614619,0.030256683
53521126,8.277884,0.027992137,5.61649,0.036991265
53655264,8.253428,0.04570524,5.6448407,0.021804942
53789403,8.248086,0.04210676,5.62369,0.023690654
53923541,8.229943,0.006784634,5.6313214,0.06386953
54057679,8.206949,0.0345277,5.6148562,0.052666098
54191817,8.206254,0.06599154,5.6367035,0.11187578
54325955,8.225629,0.0665854,5.686367,0.141257
54460093,8.1964,0.08096051,5.71773,0.19805624
54594232,8.20676,0.08201208,5.752624,0.20242497
54728370,8.189416,0.044453252,5.7773614,0.15973747
54862508,8.223808,0.09678918,5.7629585,0.123170145
54996646,8.254761,0.07136757,5.7333293,0.19430211
55130784,8.285953,0.051923323,5.729996,0.1906375
55264922,8.30069,0.056862548,5.6769967,0.15145858
55399061,8.29062,0.052401196,5.6459637,0.20430581
55533199,8.328225,0.043421607,5.6080337,0.19220509
55667337,8.315403,0.081098236,5.603897,0.16546118
55801475,8.310529,0.1337698,5.5835075,0.1380922
55935613,8.296144,0.13171113,5.5251565,0.1308431
56069751,8.306528,0.1540841,5.5126405,0.13324468
56203890,8.285876,0.15477337,5.5413766,0.11357928
56338028,8.283955,0.19752166,5.5705724,0.15154624
56472166,8.298892,0.18917075,5.6068482,0.097614005
56606304,8.272337,0.1328985,5.6161637,0.046111375
56740442,8.265103,0.112347804,5.6245475,0.028353626
56874580,8.2552595,0.11992468,5.6287594,0.06495867
57008718,8.2664,0.086789764,5.63255,0.035020277
57142857,8.246427,0.11022785,5.6826286,0.07314376
57276995,8.251784,0.084356606,5.6776986,0.040070977
57411133,8.269939,0.047253113,5.6899285,0.02931954
57545271,8.24628,0.04145128,5.710936,0.08000887
57679409,8.251651,0.056014452,5.689842,0.07981302
57813547,8.213153,0.073035285,5.684191,0.09923434
57947686,8.235171,0.087977946,5.7057724,0.07483703
58081824,8.234986,0.07126764,5.701862,0.042187247
58215962,8.281487,0.0623222,5.6683426,0.07316109
58350100,8.2400055,0.046445448,5.654841,0.11723745
58484238,8.242672,0.08208766,5.6693573,0.11792069
58618376,8.241737,0.0777794,5.6190886,0.06008234
58752515,8.240897,0.045007914,5.673846,0.057077523
58886653,8.206808,0.053801678,5.683128,0.04561093
59020791,8.206127,0.05157512,5.7114816,0.027710708
59154929,8.245515,0.06368894,5.670334,0.032589536
59289067,8.240963,0.03271646,5.619967,0.08444499
59423205,8.186867,0.087007284,5.661304,0.07243144
59557344,8.224847,0.05147346,5.6951733,0.10863066
59691482,8.22903,0.02119301,5.638989,0.08260806
59825620,8.162792,0.040088106,5.6550903,0.051678326
59959758,8.139846,0.03587973,5.622915,0.09154423
60093896,8.132528,0.060432028,5.6272902,0.11017233
60228034,8.125942,0.042841904,5.6612277,0.09409994
60362173,8.186681,0.063812636,5.6751046,0.11406903
60496311,8.188014,0.028881727,5.6609282,0.12355826
60630449,8.192546,0.05419554,5.621502,0.086295016
60764587,8.209957,0.03729729,5.656018,0.09252341
60898725,8.215629,0.058154065,5.6737494,0.10300394
61032863,8.210732,0.06761913,5.6863747,0.07548469
61167002,8.206326,0.07891168,5.7144036,0.0801471
61301140,8.245693,0.046188522,5.7529635,0.03226871
61435278,8.264458,0.05941138,5.7343335,0.04985998
61569416,8.268012,0.07858573,5.7142334,0.06493569
61703554,8.281211,0.104511455,5.739477,0.07232176
61837692,8.256423,0.06889825,5.7388625,0.103727706
61971830,8.27078,0.04239044,5.7283096,0.09680867
62105969,8.2670355,0.043683417,5.762146,0.13543506
62240107,8.283666,0.03182036,5.839264,0.1445135
62374245,8.288632,0.043808453,5.825338,0.16894613
62508383,8.26977,0.08608167,5.7894707,0.19520225
62642521,8.262793,0.045815,5.7705235,0.20298877
62776659,8.30318,0.026527537,5.800138,0.20607382
62910798,8.282861,0.051593333,5.773457,0.19148058
63044936,8.311242,0.06228287,5.739445,0.17052093
63179074,8.340117,0.063337855,5.792167,0.16777158
63313212,8.326106,0.07001255,5.8162837,0.18201923
63447350,8.320162,0.040185943,5.784655,0.15313686
63581488,8.294812,0.07835841,5.79619,0.10232535
63715627,8.265331,0.13528435,5.766571,0.073218115
63849765,8.232132,0.1633701,5.7299137,0.12321207
63983903,8.208919,0.1401927,5.6602554,0.1264508
64118041,8.21136,0.13437957,5.6508965,0.103804074
64252179,8.223557,0.11770749,5.625807,0.0487631
64386317,8.194535,0.13776399,5.58656,0.057719357
64520456,8.178414,0.17748004,5.6045704,0.115209796
64654594,8.193906,0.18010795,5.6107802,0.14777522
64788732,8.181183,0.18692829,5.6563687,0.15640928
64922870,8.169731,0.15817107,5.717398,0.13945748
65057008,8.196092,0.13110347,5.7556586,0.11573624
65191146,8.186482,0.11799319,5.7634263,0.15412335
65325285,8.187835,0.119156085,5.74375,0.1270507
65459423,8.16905,0.09822059,5.6927085,0.13689677
65593561,8.182145,0.07367301,5.6701045,0.13482025
65727699,8.180598,0.0544962,5.639761,0.09177987
65861837,8.185871,0.019049412,5.6624513,0.12735307
65995975,8.207284,0.042578325,5.6595397,0.20102946
66130114,8.203222,0.033879805,5.656919,0.14208719
66264252,8.229567,0.016127696,5.67456,0.07966514
66398390,8.249944,0.05464114,5.6837707,0.123605385
66532528,8.248282,0.08086365,5.7453938,0.12411943
66666666,8.266788,0.062333304,5.7708545,0.17316131
66800804,8.260109,0.043025974,5.783769,0.1524721
66934942,8.264098,0.037318576,5.768725,0.20848228
67069081,8.237689,0.024945615,5.785187,0.23543377
67203219,8.223919,0.034479093,5.740001,0.2886027
67337357,8.238194,0.07129619,5.6760006,0.27502844
67471495,8.257708,0.0815461,5.6350675,0.2680242
67605633,8.281938,0.085583255,5.5815606,0.20742056
67739771,8.29041,0.08960551,5.536738,0.20045447
67873910,8.308036,0.10175571,5.526397,0.23146693
68008048,8.293899,0.061089862,5.503758,0.25243863
68142186,8.287842,0.043376803,5.526715,0.2571294
68276324,8.252391,0.053229656,5.557377,0.20150736
68410462,8.283819,0.050983988,5.554973,0.16378172
68544600,8.302104,0.052180205,5.539475,0.15726
68678739,8.295226,0.06833579,5.5621943,0.17484835
68812877,8.259037,0.05241489,5.5826416,0.17250182
68947015,8.273133,0.04276074,5.591044,0.20543952
69081153,8.2658205,0.07940965,5.5752735,0.17937396
69215291,8.259238,0.0843754,5.6044126,0.14756975
69349429,8.239982,0.08143978,5.657305,0.1249332
69483568,8.22265,0.06751022,5.654907,0.123240754
69617706,8.230385,0.06998017,5.6494164,0.21622446
69751844,8.214012,0.0347473,5.641142,0.20696273
69885982,8.219278,0.080750756,5.630361,0.16128781
70020120,8.227351,0.044069774,5.597325,0.09255977
70154258,8.267948,0.042070393,5.627592,0.07405437
70288397,8.267821,0.08709363,5.6481667,0.07834872
70422535,8.271038,0.10606281,5.6633496,0.060266223
70556673,8.223934,0.14512584,5.6103477,0.031145805
70690811,8.224874,0.12782575,5.592647,0.050341565
70824949,8.212387,0.11504276,5.5867157,0.0807098
70959087,8.174481,0.039500814,5.5847106,0.09922259
71093226,8.150367,0.035761885,5.5995727,0.08999936
71227364,8.201997,0.075372286,5.649616,0.032495067
71361502,8.211797,0.059877682,5.711321,0.01416552
71495640,8.220618,0.05409818,5.7168555,0.072606705
71629778,8.251889,0.074397825,5.6851697,0.15379497
71763916,8.2767,0.06987282,5.6466527,0.15148444
71898054,8.315697,0.04605282,5.598654,0.095464565
72032193,8.300794,0.040208608,5.575455,0.15631184
72166331,8.317382,0.10834396,5.5945764,0.1646287
72300469,8.32231,0.12965493,5.5851192,0.1843303
72434607,8.300079,0.14990152,5.6332736,0.20591955
72568745,8.303405,0.12121617,5.6366134,0.23443735
72702883,8.28973,0.13013105,5.5996184,0.20268357
72837022,8.25409,0.14996848,5.66299,0.2373238
72971160,8.245349,0.15003626,5.653357,0.20885605
73105298,8.23748,0.17496683,5.678022,0.27433038
73239436,8.280398,0.17679945,5.7035527,0.16396777
73373574,8.269026,0.18049487,5.6931977,0.16750167
73507712,8.242123,0.2147625,5.683878,0.100355506
73641851,8.187911,0.20311704,5.67549,0.09315711
73775989,8.209119,0.1563692,5.6679406,0.04271082
73910127,8.204873,0.11450957,5.691147,0.021154694
74044265,8.211054,0.06503899,5.6986985,0.061109517
74178403,8.253282,0.076375514,5.668829,0.044440582
74312541,8.267954,0.1122721,5.668613,0.015338721
74446680,8.227825,0.14772075,5.608418,0.06296841
74580818,8.231709,0.081863694,5.614243,0.11627158
74714956,8.2285385,0.12654729,5.6328187,0.1653208
74849094,8.215684,0.13002975,5.6495366,0.19069676
74983232,8.200783,0.15724617,5.6745834,0.19895251
75117370,8.187371,0.13881724,5.650458,0.19089752
75251509,8.218634,0.14457467,5.618746,0.16211969
75385647,8.243438,0.117169835,5.573538,0.082567774
75519785,8.20576,0.10208919,5.6028504,0.109186575
75653923,8.168517,0.0516711,5.6092324,0.097728156
75788061,8.168332,0.038692698,5.6116424,0.108212054
75922199,8.208165,0.055791855,5.5771446,0.057672378
76056338,8.187349,0.07884988,5.572764,0.051764324
76190476,8.221948,0.084305674,5.602154,0.051056724
76324614,8.233087,0.1259711,5.615272,0.057392593
76458752,8.229777,0.12691148,5.643745,0.10221468
76592890,8.2168,0.13668871,5.6027036,0.09981984
76727028,8.228454,0.14938912,5.6024337,0.07319192
76861167,8.255609,0.13244417,5.615523,0.11558101
76995305,8.230047,0.14782228,5.6673045,0.13244493
77129443,8.253709,0.15672077,5.6939073,0.095897436
77263581,8.238338,0.13350429,5.6745167,0.1321676
77397719,8.197838,0.12202291,5.6803985,0.14380942
77531857,8.211387,0.12847084,5.6956916,0.1174041
77665995,8.216915,0.084213436,5.759456,0.08472458
77800134,8.198558,0.08703269,5.75351,0.08086636
77934272,8.255367,0.044233486,5.7848263,0.08904241
78068410,8.273164,0.04544259,5.819677,0.114535056
78202548,8.252515,0.050035067,5.8110423,0.097557865
78336686,8.250596,0.045525193,5.826605,0.11561659
78470824,8.262204,0.029997231,5.8539443,0.13634357
78604963,8.259316,0.039919958,5.83855,0.09873381
78739101,8.216718,0.01520601,5.8646946,0.07319361
78873239,8.24838,0.03203826,5.8648925,0.10229037
79007377,8.220208,0.053498972,5.8784027,0.11304543
79141515,8.228188,0.024058752,5.9038963,0.18078192
79275653,8.248702,0.024147915,5.903506,0.14729011
79409792,8.240499,0.03362212,5.8664894,0.12897839
79543930,8.236449,0.036847044,5.873173,0.095455796
79678068,8.256137,0.002448557,5.875856,0.0975806
79812206,8.213857,0.03709907,5.851603,0.13376254
79946344,8.199138,0.018205745,5.829777,0.1789148
80080482,8.182557,0.003815116,5.8034654,0.1858194
80214621,8.204302,0.05222575,5.8064523,0.22009255
80348759,8.207205,0.053059667,5.822474,0.23631284
80482897,8.243152,0.059573,5.8002267,0.22237404
80617035,8.29217,0.02855401,5.8268704,0.14464457
80751173,8.282952,0.018481925,5.87085,0.08041405
80885311,8.23799,0.07126953,5.8604317,0.10229768
81019450,8.2175255,0.059187777,5.8477216,0.053145606
81153588,8.252439,0.09370139,5.8396163,0.0863676
81287726,8.283861,0.09189994,5.8523216,0.043737568
81421864,8.315475,0.0635639,5.840422,0.04476557
81556002,8.300594,0.093901545,5.8197136,0.075751334
81690140,8.303868,0.087912194,5.824409,0.059363354
81824279,8.296815,0.08755125,5.838635,0.03192034
81958417,8.310467,0.1160757,5.818105,0.06588043
82092555,8.31942,0.104467906,5.806294,0.08482964
82226693,8.314145,0.1694335,5.822331,0.07639529
82360831,8.299397,0.14935957,5.7634315,0.10753466
82494969,8.312791,0.15252662,5.723755,0.09446859
82629107,8.321511,0.17880236,5.6813793,0.08353627
82763246,8.342693,0.19918583,5.663242,0.08517627
82897384,8.355091,0.22073862,5.696917,0.1035365
83031522,8.336247,0.2180535,5.750559,0.12337114
83165660,8.352624,0.21309265,5.7221694,0.11741324
83299798,8.340695,0.1693641,5.7466197,0.16347905
83433936,8.323292,0.17516991,5.7219577,0.16829938
83568075,8.334296,0.14128022,5.679762,0.13122721
83702213,8.354199,0.13484588,5.685119,0.15121582
83836351,8.325446,0.10596505,5.703274,0.13743305
83970489,8.312902,0.14339633,5.739613,0.1440559
84104627,8.334945,0.1457068,5.7456517,0.15915743
84238765,8.321451,0.121285595,5.7510867,0.13332611
84372904,8.352639,0.117662415,5.7793117,0.1352481
84507042,8.370708,0.12631986,5.7447133,0.14097099
84641180,8.380303,0.13601527,5.703575,0.14806935
84775318,8.368939,0.13726792,5.706551,0.12186744
84909456,8.382047,0.15653811,5.7125626,0.11061782
85043594,8.373841,0.15830627,5.6713066,0.10596
85177733,8.409791,0.19865729,5.667509,0.093660995
85311871,8.392145,0.1239286,5.6474247,0.100711234
85446009,8.342931,0.10836586,5.6326823,0.12550946
85580147,8.318638,0.11064311,5.6427474,0.14979349
85714285,8.300107,0.114156365,5.668473,0.18264298
85848423,8.306764,0.062411506,5.718292,0.1892452
85982562,8.316087,0.04619203,5.736463,0.17651106
86116700,8.314479,0.053351015,5.71615,0.1202944
86250838,8.279696,0.10818173,5.7145348,0.12940754
86384976,8.298394,0.10224462,5.683081,0.13835898
86519114,8.311888,0.097128786,5.678107,0.16471925
86653252,8.324032,0.06706233,5.6736298,0.17505026
86787391,8.32163,0.08679421,5.6796,0.10965836
86921529,8.329467,0.08584183,5.71164,0.12858854
87055667,8.346519,0.07821263,5.7438087,0.19134557
87189805,8.345201,0.039035164,5.702761,0.14913543
87323943,8.3573475,0.059585445,5.639152,0.13261767
87458081,8.348279,0.073447,5.62857,0.15399186
87592219,8.346786,0.06848127,5.6690464,0.22700484
87726358,8.37544,0.067310974,5.6654754,0.27599147
87860496,8.357896,0.0845702,5.682261,0.26751757
87994634,8.355439,0.074139126,5.714035,0.26484442
88128772,8.379895,0.04026754,5.6992984,0.19882056
88262910,8.368572,0.0320386,5.6827016,0.21014205
88397048,8.388383,0.07389983,5.6377645,0.22946662
88531187,8.42621,0.08529662,5.5806546,0.21357287
88665325,8.443589,0.11884803,5.5759225,0.21576662
88799463,8.455897,0.10463342,5.564997,0.2572033
88933601,8.453641,0.05918185,5.545164,0.30570215
89067739,8.431609,0.060723282,5.5773144,0.26662397
89201877,8.4217825,0.027742108,5.6062493,0.27131897
89336016,8.412937,0.021539254,5.6456246,0.24131437
89470154,8.418311,0.01678413,5.717729,0.23924194
89604292,8.3931465,0.02639847,5.712623,0.19944261
89738430,8.407165,0.03791733,5.694693,0.17385769
89872568,8.416448,0.035370104,5.681891,0.15483524
90006706,8.434804,0.03308775,5.700369,0.12942848
90140845,8.431323,0.07622218,5.703665,0.10254548
90274983,8.431524,0.07230928,5.6799655,0.115854114
90409121,8.435039,0.05305028,5.7086353,0.025044119
90543259,8.468201,0.056908164,5.7277718,0.052225858
90677397,8.461381,0.04554361,5.7083282,0.07118898
90811535,8.481911,0.022270365,5.697495,0.095650114
90945674,8.480386,0.04993932,5.7244124,0.0999885
91079812,8.472346,0.08319004,5.7553043,0.09809434
91213950,8.458446,0.08515441,5.7564406,0.0703697
91348088,8.422601,0.075853,5.760797,0.08292477
91482226,8.423675,0.06343059,5.7147174,0.07454136
91616364,8.377973,0.06521967,5.7065787,0.061674315
91750503,8.353509,0.032110468,5.7459207,0.07787479
91884641,8.334826,0.04149911,5.7779956,0.05857055
92018779,8.321342,0.025112225,5.786863,0.11036236
92152917,8.2925415,0.011671641,5.8115096,0.13538557
92287055,8.276622,0.041588947,5.8170247,0.11491078
92421193,8.2889595,0.10751922,5.8253226,0.06867318
92555331,8.263397,0.115919285,5.8661237,0.12546915
92689470,8.27039,0.09854838,5.8561783,0.111256465
92823608,8.286684,0.10852672,5.837227,0.04965035
92957746,8.308016,0.08444553,5.7735043,0.07612143
93091884,8.370547,0.06147284,5.7461534,0.023759102
93226022,8.383492,0.075266026,5.718205,0.053160477
93360160,8.36181,0.10260347,5.6863847,0.08220811
93494299,8.308963,0.11440032,5.6110787,0.13271554
93628437,8.294733,0.16406111,5.636638,0.16799149
93762575,8.28526,0.17833373,5.6596413,0.16184649
93896713,8.2800665,0.19087508,5.7036767,0.14951654
94030851,8.2753935,0.1900297,5.7399764,0.121387005
94164989,8.281188,0.18426915,5.792645,0.14139082
94299128,8.309735,0.18639225,5.800047,0.12365005
94433266,8.322095,0.17311075,5.8033757,0.08734704
94567404,8.316552,0.16874577,5.7597046,0.065941446
94701542,8.338231,0.10493409,5.7770677,0.07336749
94835680,8.301074,0.08082927,5.726028,0.13833322
94969818,8.307633,0.08138417,5.723425,0.12536177
95103957,8.33687,0.09692094,5.7544155,0.12682454
95238095,8.323184,0.1292223,5.7989745,0.16339238
95372233,8.327531,0.11692945,5.7890773,0.16704899
95506371,8.311446,0.08196471,5.776836,0.18308583
95640509,8.3103,0.09513774,5.7391524,0.16730516
95774647,8.315938,0.12120553,5.7185707,0.16255458
95908786,8.294343,0.1484627,5.70338,0.16062975
96042924,8.298243,0.117088675,5.6497083,0.15234748
96177062,8.285085,0.17245029,5.608071,0.11810249
96311200,8.243243,0.15619151,5.647264,0.15607843
96445338,8.245585,0.1292893,5.632538,0.16602266
96579476,8.251027,0.1196184,5.652617,0.11905199
96713615,8.28259,0.11053358,5.630689,0.12211388
96847753,8.287665,0.08805197,5.6376195,0.11557175
96981891,8.282231,0.114897884,5.6838584,0.1587069
97116029,8.267343,0.11061938,5.735472,0.15056448
97250167,8.270608,0.09108494,5.7385917,0.08083336
97384305,8.276881,0.115471736,5.7547326,0.048181843
97518443,8.272526,0.112185836,5.769259,0.055272684
97652582,8.278606,0.09876623,5.779,0.11908823
97786720,8.2807455,0.12398458,5.7511,0.09820415
97920858,8.292671,0.12882078,5.7326565,0.16273902
98054996,8.293405,0.10623966,5.749391,0.16813777
98189134,8.297398,0.14909531,5.787785,0.15903467
98323272,8.274323,0.16055033,5.8156734,0.11034852
98457411,8.2668915,0.11470547,5.82744,0.11377009
98591549,8.253536,0.098535255,5.761362,0.11335147
98725687,8.221516,0.10882975,5.751892,0.07153325
98859825,8.269363,0.10144706,5.75337,0.076302625
98993963,8.285762,0.088716865,5.751366,0.087359324
99128101,8.307185,0.076887034,5.759563,0.0853655
99262240,8.293133,0.04781323,5.773607,0.11677053
99396378,8.27382,0.06779598,5.716246,0.13947952
99530516,8.236438,0.05499535,5.7112885,0.094634406
99664654,8.226128,0.018945606,5.680159,0.14594707
99798792,8.236848,0.03949422,5.6621437,0.12821184
99932930,8.213162,0.09998658,5.679262,0.118305795
100067069,8.221847,0.061885733,5.681336,0.11285732
100201207,8.239662,0.04867238,5.6865363,0.07247092
100335345,8.24903,0.08163718,5.7078824,0.10268705
100469483,8.29746,0.110843405,5.7137604,0.057850853
100603621,8.291047,0.13876005,5.715718,0.009726423
100737759,8.315276,0.17208645,5.714146,0.043209724
100871898,8.273749,0.21401721,5.6893983,0.03407562
101006036,8.289707,0.2144503,5.660459,0.055798
101140174,8.290736,0.22118926,5.657746,0.11982594
101274312,8.271663,0.23326121,5.685304,0.1409684
101408450,8.314496,0.22135767,5.690108,0.081044234
101542588,8.333047,0.16990747,5.6477637,0.027348787
101676727,8.369742,0.16853692,5.649654,0.038414486
101810865,8.386101,0.21810906,5.638022,0.14454663
101945003,8.350824,0.1952344,5.65422,0.1878816
102079141,8.359076,0.14933923,5.602131,0.22904854
102213279,8.389834,0.14509533,5.6585846,0.29050848
102347417,8.404185,0.14747791,5.6793923,0.21502575
102481556,8.390432,0.12978669,5.6947865,0.16835915
102615694,8.43139,0.10061939,5.685308,0.20714068
102749832,8.401584,0.070045725,5.703444,0.23146924
102883970,8.371426,0.10529211,5.699766,0.23279507
103018108,8.327617,0.11699163,5.65979,0.26070958
103152246,8.378188,0.10901955,5.6838107,0.26950908
103286384,8.403703,0.12917294,5.6587625,0.24549901
103420523,8.396665,0.09581169,5.6595535,0.2783767
103554661,8.393666,0.097771786,5.703598,0.20789509
103688799,8.370965,0.10203736,5.736572,0.17236158
103822937,8.383869,0.064766265,5.749581,0.17098507
103957075,8.395482,0.041864015,5.77129,0.1327273
104091213,8.392601,0.017313452,5.7508273,0.11999403
104225352,8.386674,0.0196582,5.7024117,0.09738718
104359490,8.37134,0.021295007,5.6921706,0.04143406
104493628,8.39754,0.0039027145,5.7196198,0.020574879
104627766,8.414452,0.05638398,5.747658,0.028921003
104761904,8.423007,0.08674144,5.7395587,0.011010685
104896042,8.410706,0.07503068,5.7556024,0.073265426
105030181,8.389636,0.087773986,5.7467093,0.09729403
105164319,8.400672,0.044750694,5.7320385,0.07051426
105298457,8.380605,0.036671393,5.752168,0.013405179
105432595,8.385878,0.019284775,5.7236176,0.007697986
105566733,8.37729,0.041012976,5.7079225,0.016771968
105700871,8.356228,0.047432862,5.7304635,0.0025690987
105835010,8.340604,0.0523442,5.7540836,0.04889988
105969148,8.376544,0.055769376,5.765342,0.012347014
106103286,8.432223,0.053365365,5.728808,0.04444282
106237424,8.399001,0.03652558,5.7025933,0.10647828
106371562,8.395767,0.034421682,5.705668,0.17320798
106505700,8.352857,0.053575993,5.7217674,0.19359966
106639839,8.350905,0.07038532,5.696257,0.16476884
106773977,8.332481,0.08416283,5.6732984,0.2376818
106908115,8.362567,0.072838545,5.7026353,0.25432813
107042253,8.362976,0.09351939,5.7390385,0.23653868
107176391,8.350012,0.09179616,5.758468,0.21306193
107310529,8.371677,0.0697906,5.729288,0.21014568
107444668,8.377843,0.09273469,5.7530255,0.20417362
107578806,8.373392,0.07838447,5.7277236,0.24265215
107712944,8.352719,0.040858652,5.6849504,0.26589555
107847082,8.350781,0.05726156,5.699789,0.26890936
107981220,8.355702,0.013786588,5.7264767,0.24947223
108115358,8.346799,0.02358593,5.7471623,0.19290236
108249496,8.388786,0.026857836,5.769113,0.20226109
108383635,8.383241,0.031295095,5.755535,0.18004893
108517773,8.334916,0.06345286,5.6999817,0.1979486
108651911,8.348092,0.079780914,5.703316,0.19669704
108786049,8.359949,0.090613306,5.6896515,0.1917502
108920187,8.380622,0.061635736,5.6706862,0.23115264
109054325,8.385892,0.04492315,5.6669517,0.22520852
109188464,8.430636,0.045727137,5.7302566,0.20586377
109322602,8.430905,0.08968186,5.78723,0.17787874
109456740,8.421149,0.10018437,5.725174,0.14723921
109590878,8.459034,0.08022412,5.6659904,0.153828
109725016,8.376464,0.05516107,5.619391,0.2103091
109859154,8.40215,0.05663125,5.5807853,0.15873188
109993293,8.385269,0.089041635,5.589373,0.13914187
110127431,8.423409,0.06491984,5.580436,0.106335245
110261569,8.404401,0.08000036,5.5757256,0.09636281
110395707,8.393962,0.090377934,5.56482,0.0937656
110529845,8.384564,0.05510385,5.5383377,0.11601408
110663983,8.409442,0.04394966,5.5278373,0.13352866
110798122,8.388497,0.064649075,5.49172,0.13496307
110932260,8.379647,0.06924655,5.502548,0.12904684
111066398,8.381683,0.03600976,5.54896,0.16967823
111200536,8.373515,0.036869068,5.564064,0.21116984
111334674,8.372829,0.07371647,5.574324,0.20871733
111468812,8.352214,0.073145315,5.6068916,0.21547797
111602951,8.296992,0.13574356,5.6795363,0.26966617
111737089,8.307294,0.16495673,5.6715827,0.23316453
111871227,8.319897,0.18495974,5.6310906,0.21373525
112005365,8.334575,0.19036679,5.6613154,0.20446797
112139503,8.341117,0.21205427,5.648517,0.15351456
112273641,8.367004,0.19240744,5.650332,0.108010076
112407780,8.383637,0.15910515,5.6786323,0.09474174
112541918,8.385274,0.17681095,5.644102,0.110375084
112676056,8.396747,0.16779058,5.6563587,0.16345653
112810194,8.400406,0.14865133,5.684056,0.19219351
112944332,8.410365,0.14439781,5.698984,0.16738471
113078470,8.405995,0.07187692,5.735752,0.10322857
113212608,8.378728,0.047082644,5.7288437,0.06572818
113346747,8.397523,0.029710561,5.6826262,0.03867086
113480885,8.391104,0.070581675,5.75103,0.08004564
113615023,8.385327,0.049826067,5.8359275,0.09845142
113749161,8.356793,0.059759628,5.8856673,0.1612338
113883299,8.374448,0.0608954,5.893767,0.19190735
114017437,8.38367,0.057195894,5.8543906,0.16030344
114151576,8.408637,0.07424146,5.852285,0.13339762
114285714,8.417773,0.11697772,5.853723,0.123395555
114419852,8.415996,0.14641485,5.8283505,0.12598775
114553990,8.401063,0.14785029,5.822182,0.063950956
114688128,8.437623,0.102804445,5.776631,0.05539344
114822266,8.440528,0.08740906,5.7856345,0.068639986
114956405,8.419808,0.10912129,5.790405,0.0426125
115090543,8.417827,0.1133426,5.7680306,0.032465976
115224681,8.379378,0.11083467,5.724561,0.033055574
115358819,8.408107,0.13995685,5.732105,0.035124753
115492957,8.433963,0.13275488,5.738894,0.09285474
115627095,8.397233,0.1364826,5.7283382,0.076750025
115761234,8.407509,0.13888218,5.7321706,0.010205327
115895372,8.426759,0.10945251,5.7189536,0.06481224
116029510,8.46075,0.11811054,5.710392,0.063731104
116163648,8.424674,0.12176114,5.706019,0.08422216
116297786,8.40554,0.094400324,5.7187514,0.11948732
116431924,8.384987,0.1049174,5.720209,0.14695238
116566063,8.389821,0.097096056,5.748188,0.14727797
116700201,8.384172,0.100252606,5.723369,0.12417756
116834339,8.365754,0.11455085,5.687699,0.088728175
116968477,8.345846,0.14947125,5.6589293,0.12893844
117102615,8.341262,0.10902942,5.7063694,0.14634292
117236753,8.397136,0.10625938,5.712399,0.055657722
117370892,8.414089,0.08605292,5.7278266,0.066989616
117505030,8.41268,0.09351521,5.728377,0.14753768
117639168,8.384746,0.14662713,5.722206,0.11755965
117773306,8.409604,0.14305323,5.7433186,0.1084614
117907444,8.405311,0.13251412,5.75232,0.11353841
118041582,8.374779,0.13467193,5.767088,0.11718301
118175720,8.420635,0.16196534,5.7403793,0.07412839
118309859,8.458571,0.16564472,5.7263412,0.05041529
118443997,8.452714,0.13344362,5.7470403,0.046066742
118578135,8.454109,0.09715837,5.769003,0.023134062
118712273,8.462032,0.107675724,5.7987695,0.11846689
118846411,8.462495,0.099135384,5.812226,0.14368083
118980549,8.436245,0.08361776,5.80767,0.1530907
119114688,8.452621,0.083223835,5.796903,0.11987322
119248826,8.444026,0.109938174,5.790546,0.14392467
119382964,8.419623,0.103984475,5.8014913,0.11619173
119517102,8.414327,0.112676166,5.831342,0.11431537
119651240,8.382895,0.09609031,5.884875,0.08885199
119785378,8.371272,0.09078765,5.876387,0.06807985
119919517,8.380811,0.08085659,5.8854156,0.055504587
120053655,8.3427305,0.07279922,5.8835406,0.034962934
120187793,8.338458,0.049902946,5.85852,0.032641403
120321931,8.344611,0.07300452,5.836001,0.0694667
120456069,8.33015,0.07526992,5.8857346,0.06892012
120590207,8.347135,0.07323672,5.8804936,0.08511037
120724346,8.335755,0.025537,5.925778,0.16119495
120858484,8.31218,0.030191036,5.9332004,0.19682132
120992622,8.304295,0.0638072,5.8898797,0.22912914
121126760,8.300532,0.07928573,5.8442254,0.21152534
121260898,8.320479,0.10626463,5.8431363,0.27426198
121395036,8.335098,0.106350206,5.838823,0.24843647
121529175,8.381588,0.10551741,5.8749404,0.2244395
121663313,8.376762,0.12739639,5.837446,0.25158012
121797451,8.415752,0.12204804,5.7903686,0.20704335
121931589,8.424178,0.12604451,5.764665,0.16559854
122065727,8.385093,0.06520813,5.7648654,0.13347809
122199865,8.396584,0.09383565,5.7883782,0.12147385
122334004,8.390259,0.11954922,5.806207,0.076117896
122468142,8.3979,0.085518904,5.81892,0.0397119
122602280,8.441443,0.11620661,5.8670278,0.042459574
122736418,8.420631,0.11436146,5.846992,0.09280264
122870556,8.405235,0.082914144,5.815626,0.105390534
123004694,8.381379,0.098709404,5.797397,0.13330245
123138832,8.366573,0.09108216,5.7909904,0.08308017
123272971,8.36325,0.061151884,5.858558,0.07836789
123407109,8.3802595,0.100133836,5.826036,0.08400062
123541247,8.365565,0.07511908,5.863432,0.08696757
123675385,8.322343,0.053046107,5.877089,0.1212724
123809523,8.333442,0.084598765,5.932713,0.12996177
123943661,8.350098,0.05057866,5.992775,0.12105425
124077800,8.351754,0.032309696,6.016831,0.10770658
124211938,8.313246,0.029632311,6.028481,0.13435385
124346076,8.325254,0.028377937,5.9923,0.18901926
124480214,8.336062,0.02066685,5.95307,0.25111628
124614352,8.322456,0.041250896,5.9177628,0.24735591
124748490,8.306877,0.05491187,5.8893204,0.26277778
124882629,8.319523,0.07003371,5.8970547,0.27811316
125016767,8.320904,0.03713478,5.907349,0.24265923
125150905,8.338814,0.025493437,5.9032807,0.25859424
125285043,8.354932,0.03234413,5.876286,0.25334224
125419181,8.362773,0.04862527,5.8919907,0.21791932
125553319,8.346495,0.06631813,5.842792,0.14813662
125687458,8.358512,0.06971152,5.811846,0.16661964
125821596,8.349327,0.025162194,5.8039947,0.21802898
125955734,8.324395,0.027087504,5.8302617,0.13280416
126089872,8.298622,0.020842915,5.8272357,0.11133564
126224010,8.325427,0.042188797,5.791178,0.0905588
126358148,8.352883,0.06053148,5.8087273,0.050459307
126492287,8.344262,0.06787317,5.831188,0.04464822
126626425,8.346503,0.084844895,5.8714027,0.07193102
126760563,8.351852,0.051789608,5.860929,0.07999972
126894701,8.366668,0.0241553,5.8815026,0.101298355
127028839,8.403335,0.043236315,5.8833528,0.11581592
127162977,8.423,0.03364775,5.875017,0.076327845
127297116,8.377366,0.045231,5.870849,0.053364765
127431254,8.3562975,0.057590622,5.873764,0.09292436
127565392,8.314,0.035724804,5.8497214,0.098204754
127699530,8.292601,0.027855696,5.8047485,0.10902833
127833668,8.303341,0.025243307,5.8576074,0.091284655
127967806,8.323007,0.016639102,5.868513,0.055205274
128101945,8.324039,0.019307142,5.884995,0.07289377
128236083,8.314969,0.01881412,5.8531623,0.06922277
128370221,8.310139,0.049042173,5.834513,0.09484901
128504359,8.322457,0.063209854,5.854395,0.16089651
128638497,8.356878,0.041609377,5.848955,0.11497005
128772635,8.381191,0.05851992,5.82406,0.1725156
128906773,8.393071,0.0785481,5.851654,0.18383718
129040912,8.413765,0.09457809,5.853155,0.14386459
129175050,8.409055,0.12951969,5.8345065,0.13445486
129309188,8.418149,0.13911138,5.784389,0.116948836
129443326,8.446334,0.15252805,5.7492833,0.029303664
129577464,8.455034,0.14332372,5.717688,0.032842197
129711602,8.459531,0.13646361,5.749253,0.027700098
129845741,8.42691,0.18184218,5.750994,0.06535836
129979879,8.4408865,0.16225217,5.7658954,0.09731269
130114017,8.460132,0.1699323,5.732639,0.13023734
130248155,8.450786,0.12614726,5.756042,0.11297038
130382293,8.442373,0.12954174,5.8037705,0.08424364
130516431,8.461469,0.11727171,5.8233933,0.08464827
130650570,8.468656,0.13864717,5.8743877,0.055612378
130784708,8.475123,0.14739071,5.833616,0.084420174
130918846,8.464278,0.16295029,5.8435874,0.058079388
131052984,8.454516,0.20291077,5.862562,0.018006751
131187122,8.425732,0.20652914,5.8429723,0.030280698
131321260,8.413157,0.26781186,5.8220086,0.08606795
131455399,8.398509,0.21785302,5.836474,0.06489244
131589537,8.418658,0.19557548,5.909494,0.12104234
131723675,8.430126,0.16271457,5.905211,0.032975942
131857813,8.48378,0.15577328,5.8613567,0.07394195
131991951,8.458735,0.2090568,5.891887,0.12764814
132126089,8.452861,0.20540644,5.876032,0.15161002
132260228,8.46091,0.13554801,5.8517623,0.16881523
132394366,8.474818,0.14201422,5.8032527,0.15257815
132528504,8.47067,0.12216915,5.782927,0.12804526
132662642,8.453603,0.093114726,5.807968,0.09456701
132796780,8.434909,0.04087233,5.763838,0.10780573
132930918,8.444751,0.097578205,5.7541213,0.072352216
133065057,8.4969425,0.07537918,5.7287083,0.04751581
133199195,8.477248,0.09260789,5.7258377,0.07871675
133333333,8.499523,0.089686796,5.6899204,0.09809444
133467471,8.466239,0.08840191,5.6509285,0.12880707
133601609,8.482948,0.05657245,5.609169,0.110129476
133735747,8.491319,0.09312123,5.6015854,0.15712635
133869885,8.528854,0.08664005,5.661427,0.13721956
134004024,8.489303,0.093796246,5.721951,0.09721751
134138162,8.487039,0.1052113,5.7197556,0.076508015
134272300,8.495002,0.10602864,5.73778,0.12764676
134406438,8.492167,0.1056713,5.7273355,0.17542453
134540576,8.466285,0.031184636,5.7412686,0.24056773
134674714,8.446322,0.024958387,5.7538085,0.21947777
134808853,8.458358,0.00820801,5.7384276,0.21676695
134942991,8.455855,0.035321213,5.721252,0.19536804
135077129,8.440269,0.058691904,5.6924596,0.23090369
135211267,8.429576,0.032273922,5.6832137,0.26366463
135345405,8.446618,0.020086637,5.658226,0.23649678
135479543,8.43529,0.020874627,5.662403,0.22128618
135613682,8.438427,0.011808161,5.6794963,0.19404653
135747820,8.454585,0.010627826,5.7048798,0.19923271
135881958,8.435793,0.026434096,5.711058,0.19075432
136016096,8.465547,0.03554586,5.716619,0.12557077
136150234,8.468992,0.03053093,5.701624,0.09466048
136284372,8.432094,0.01660891,5.7481284,0.13621706
136418511,8.435551,0.0065390426,5.7833157,0.17223519
136552649,8.445329,0.052424192,5.7516503,0.1965526
136686787,8.440796,0.0829231,5.7398186,0.1839194
136820925,8.473383,0.06398558,5.6925035,0.1778569
136955063,8.449378,0.042410903,5.683254,0.16303518
137089201,8.457773,0.072643474,5.6715946,0.14537674
137223340,8.44533,0.07653772,5.6577682,0.13303618
137357478,8.437463,0.063437186,5.665325,0.096579604
137491616,8.46705,0.077551216,5.7154593,0.114892386
137625754,8.427012,0.13121101,5.7672462,0.10307856
137759892,8.437644,0.08137625,5.7571883,0.10635638
137894030,8.410546,0.059404433,5.7048035,0.0380199
138028169,8.402825,0.04356335,5.667656,0.033334292
138162307,8.375875,0.01908366,5.634224,0.026726292
138296445,8.404956,0.057538986,5.5908012,0.072711945
138430583,8.397793,0.052996792,5.591721,0.10011011
138564721,8.384681,0.029151328,5.615883,0.089729674
138698859,8.399546,0.047291957,5.6209607,0.041563015
138832997,8.422924,0.05630864,5.628865,0.024465708
138967136,8.437298,0.018210301,5.6093116,0.0160892
139101274,8.443568,0.0064425934,5.6017137,0.0483516
139235412,8.445878,0.045130312,5.608209,0.06431095
139369550,8.481291,0.07249762,5.5940547,0.067284636
139503688,8.493161,0.07520027,5.594649,0.03058723
139637826,8.470512,0.06006205,5.6185174,0.06581907
139771965,8.500128,0.058503434,5.6233325,0.10337138
139906103,8.493448,0.012345559,5.6243324,0.11298955
140040241,8.487436,0.052868858,5.6418996,0.13168597
140174379,8.48536,0.07749339,5.7143764,0.16144627
140308517,8.493489,0.08521427,5.6996055,0.11738821
140442655,8.487475,0.061627932,5.702978,0.08635151
140576794,8.475394,0.036908753,5.7726803,0.08221241
140710932,8.487854,0.04212189,5.735412,0.06012575
140845070,8.479069,0.07364635,5.7552047,0.09318867
140979208,8.481162,0.076187566,5.749684,0.08320727
141113346,8.473046,0.063375175,5.848049,0.09569871
141247484,8.502408,0.05532813,5.8765774,0.12406321
141381623,8.518833,0.032443713,5.8622527,0.16700108
141515761,8.476951,0.017979411,5.852694,0.16702434
141649899,8.535922,0.014377859,5.8240914,0.12984593
141784037,8.515663,0.016136415,5.788349,0.106942296
141918175,8.510764,0.017629474,5.7295136,0.047033947
142052313,8.506354,0.086727984,5.7865624,0.07989996
142186452,8.509052,0.087009974,5.8345733,0.105724156
142320590,8.518147,0.05540638,5.841116,0.11831155
142454728,8.506331,0.07897158,5.8903375,0.15250602
142588866,8.5190325,0.061653655,5.9079704,0.15613055
142723004,8.543796,0.08942859,5.91384,0.03168853
142857142,8.5460825,0.09514242,5.9191227,0.04903199
142991281,8.524808,0.085408084,5.90721,0.033874623
143125419,8.50566,0.11699294,5.883156,0.045397464
143259557,8.525094,0.08961558,5.8515077,0.064813964
143393695,8.479252,0.090364344,5.8530235,0.08084065
143527833,8.42466,0.051208396,5.871054,0.06681481
143661971,8.372193,0.0527449,5.883949,0.06872045
143796109,8.378307,0.05647707,5.8955536,0.079980366
143930248,8.400477,0.10685722,5.869332,0.088167496
144064386,8.383762,0.10193475,5.795732,0.06407853
144198524,8.415386,0.08523366,5.829492,0.033563163
144332662,8.41718,0.10878882,5.8498764,0.06445835
144466800,8.418797,0.09939995,5.861555,0.06705044
144600938,8.396916,0.16154853,5.8587327,0.04344288
144735077,8.377225,0.15422395,5.8461933,0.008899473
144869215,8.359502,0.13403165,5.851574,0.074272774
145003353,8.380219,0.11510649,5.866417,0.09665084
145137491,8.398864,0.12987587,5.8264413,0.0681498
145271629,8.4089775,0.10809187,5.7871304,0.0511473
145405767,8.39808,0.17591803,5.805084,0.05580326
145539906,8.371605,0.1721371,5.8479095,0.15609956
145674044,8.411111,0.15844083,5.8197846,0.20507832
145808182,8.403334,0.17421284,5.767807,0.21790686
145942320,8.419666,0.16901734,5.761026,0.23554866
146076458,8.414367,0.15655322,5.7682567,0.21440403
146210596,8.396263,0.16791213,5.771431,0.16375785
146344735,8.429971,0.12150993,5.7676215,0.13056037
146478873,8.426974,0.11609679,5.847526,0.08584155
146613011,8.43761,0.113271005,5.912773,0.16014762
146747149,8.477181,0.12157634,5.844829,0.16423976
146881287,8.46613,0.12967806,5.857013,0.16411003
147015425,8.506184,0.12718222,5.8579783,0.19551957
147149564,8.508899,0.14356591,5.8755136,0.1765955
147283702,8.491342,0.13054663,5.894629,0.20475774
147417840,8.4922085,0.12705438,5.891833,0.1887503
147551978,8.476321,0.11073826,5.9026494,0.21277891
147686116,8.468689,0.08299265,5.859051,0.20984097
147820254,8.465154,0.08996222,5.873146,0.19128524
147954393,8.465304,0.07285825,5.8091645,0.18553542
148088531,8.46544,0.06952902,5.7715816,0.23077734
148222669,8.47223,0.07078771,5.86109,0.23270893
148356807,8.511674,0.09863907,5.8783145,0.2090337
148490945,8.530506,0.12588131,5.8904834,0.21925987
148625083,8.540789,0.122497454,5.9314346,0.2027579
148759221,8.53671,0.10228224,5.9216247,0.14529462
148893360,8.546372,0.086324446,5.886129,0.16032237
149027498,8.555068,0.06168735,5.870849,0.17655076
149161636,8.539562,0.085515566,5.8637643,0.17866808
149295774,8.532272,0.08306948,5.890721,0.2013676
149429912,8.542378,0.0851637,5.8783154,0.13207875
149564050,8.53814,0.093800396,5.870484,0.10990501
149698189,8.560993,0.13329974,5.8901024,0.10859047
149832327,8.538227,0.14260493,5.901092,0.09773141
149966465,8.497738,0.15297577,5.894316,0.076411575
150100603,8.491298,0.119407915,5.8515515,0.13387237
150234741,8.482167,0.036303468,5.8297296,0.11852493
150368879,8.463951,0.023288054,5.8300896,0.11775947
150503018,8.500889,0.049225926,5.860414,0.15281272
150637156,8.510799,0.07492616,5.847706,0.10607512
150771294,8.476386,0.06237433,5.852936,0.11187028
150905432,8.448748,0.056103244,5.8143086,0.055361748
151039570,8.47054,0.06199634,5.7528777,0.08587601
151173708,8.473487,0.06515338,5.750923,0.09195637
151307847,8.47947,0.09056141,5.7324977,0.15089576
151441985,8.488191,0.05606765,5.7259145,0.22394586
151576123,8.472705,0.06613029,5.7466564,0.25611582
151710261,8.455434,0.08912549,5.761991,0.27067068
151844399,8.40989,0.09316249,5.755792,0.23890361
151978537,8.415568,0.058614682,5.7368793,0.16370307
152112676,8.390678,0.081079304,5.766525,0.16258797
152246814,8.394943,0.07923854,5.776539,0.1440318
152380952,8.408783,0.08620882,5.7622185,0.09359291
152515090,8.434571,0.104861654,5.792663,0.043845378
152649228,8.4444475,0.048274558,5.8267303,0.040069155
152783366,8.426669,0.0410475,5.8540573,0.044887193
152917505,8.470669,0.07461561,5.8586516,0.069548294
153051643,8.476935,0.07832473,5.829453,0.041283265
153185781,8.4859085,0.10077207,5.856508,0.05177696
153319919,8.503985,0.0986672,5.8775234,0.022498235
153454057,8.54692,0.108634636,5.876438,0.0605017
153588195,8.538894,0.09993239,5.832127,0.07580068
153722334,8.518337,0.10810865,5.8189144,0.10629817
153856472,8.526504,0.11423168,5.8503566,0.11453052
153990610,8.523854,0.12978983,5.8419876,0.09485758
154124748,8.561469,0.08488245,5.887789,0.060570728
154258886,8.541988,0.06942712,5.8690104,0.06769783
154393024,8.517789,0.064175926,5.8387756,0.095967606
154527162,8.539344,0.073529385,5.854898,0.086392276
154661301,8.562076,0.074361,5.8794084,0.06205038
154795439,8.562535,0.061148193,5.8248005,0.045538086
154929577,8.566281,0.012671546,5.7723203,0.05102099
155063715,8.599654,0.028530737,5.718422,0.09029126
155197853,8.609688,0.05211479,5.723246,0.1378065
155331991,8.622053,0.06266327,5.7375884,0.14897597
155466130,8.609847,0.062349994,5.7471633,0.13623595
155600268,8.592196,0.070572145,5.7124467,0.15837932
155734406,8.612976,0.07899923,5.661202,0.20594177
155868544,8.6283455,0.08637045,5.6317487,0.18854317
156002682,8.612177,0.08248626,5.6552405,0.1593627
156136820,8.62096,0.08861644,5.6530495,0.17383997
156270959,8.632197,0.123582765,5.6444116,0.16876303
156405097,8.6589775,0.0883005,5.6433034,0.1687163
156539235,8.656413,0.12075163,5.6623063,0.19047771
156673373,8.640772,0.12509859,5.6527424,0.20362689
156807511,8.626695,0.14408094,5.7108016,0.16441083
156941649,8.650692,0.112601064,5.743055,0.12581433
157075788,8.642289,0.08887359,5.782082,0.111369245
157209926,8.634727,0.06795502,5.7972083,0.12441002
157344064,8.617921,0.079877116,5.797487,0.062837064
157478202,8.636128,0.12305105,5.771071,0.06947268
157612340,8.62585,0.1010696,5.7706313,0.09525266
157746478,8.616598,0.10445282,5.746901,0.076252945
157880617,8.598271,0.08753588,5.7122116,0.0282076
158014755,8.598444,0.09271159,5.7343235,0.03354685
158148893,8.605267,0.11902295,5.7342243,0.035951074
158283031,8.598073,0.079541095,5.724135,0.05243237
158417169,8.601599,0.04573796,5.738388,0.052602228
158551307,8.588107,0.08842206,5.721216,0.121617995
158685446,8.585962,0.07395051,5.772428,0.1146175
158819584,8.5606985,0.031400885,5.7751846,0.09602011
158953722,8.557963,0.06146193,5.7876663,0.08986397
159087860,8.582166,0.061081875,5.7889,0.097395636
159221998,8.577283,0.043458246,5.79001,0.029088577
159356136,8.552888,0.08048884,5.7776756,0.020186916
159490274,8.570931,0.08893419,5.7365746,0.11740832
159624413,8.580505,0.08884802,5.7562504,0.08249371
159758551,8.545789,0.025363853,5.7839584,0.05623267
159892689,8.517876,0.03435037,5.78223,0.061951384
160026827,8.512755,0.07816721,5.764006,0.04696641
160160965,8.5181465,0.10000716,5.787606,0.044633683
160295103,8.526332,0.0853334,5.842179,0.016130276
160429242,8.533699,0.1067157,5.8112946,0.10577407
160563380,8.553662,0.10720395,5.776831,0.08650521
160697518,8.5682955,0.13043325,5.772482,0.070139855
160831656,8.561467,0.1688514,5.7219005,0.07334129
160965794,8.538653,0.12680851,5.73971,0.09594658
161099932,8.531454,0.12606895,5.735739,0.10082679
161234071,8.53831,0.13304223,5.708832,0.120410405
161368209,8.527812,0.18582703,5.6979485,0.05836768
161502347,8.51503,0.17558512,5.7181544,0.06700194
161636485,8.53686,0.21272641,5.7530055,0.033873215
161770623,8.529841,0.21469307,5.794371,0.03377485
161904761,8.57019,0.2174495,5.7716007,0.020391615
162038900,8.586505,0.21473435,5.774441,0.057746578
162173038,8.574521,0.20687605,5.726997,0.0783881
162307176,8.577069,0.18764906,5.734297,0.09256411
162441314,8.569362,0.16636598,5.7742004,0.03274024
162575452,8.599093,0.15587796,5.7834473,0.006251183
162709590,8.602516,0.16881816,5.8017693,0.052655194
162843729,8.595598,0.17398152,5.788259,0.086924195
162977867,8.619371,0.15269768,5.822767,0.05894172
163112005,8.624101,0.13579051,5.843823,0.07914835
163246143,8.621692,0.13868167,5.839441,0.10060667
163380281,8.6361885,0.1390892,5.78883,0.09099339
163514419,8.629237,0.13160424,5.7632804,0.15593159
163648558,8.619646,0.08810965,5.7769523,0.17615786
163782696,8.597682,0.06493874,5.879257,0.070356786
163916834,8.611247,0.07291592,5.8046646,0.05638459
164050972,8.613456,0.061815836,5.814198,0.07665909
164185110,8.5821085,0.012988182,5.809445,0.0977136
164319248,8.567232,0.016998691,5.7818336,0.08890294
164453386,8.573842,0.027050136,5.806984,0.014511956
164587525,8.5964575,0.021220868,5.782953,0.061036102
164721663,8.596812,0.018959722,5.744657,0.06944802
164855801,8.563798,0.037823457,5.706858,0.008605946
164989939,8.520751,0.016722929,5.686172,0.010415887
165124077,8.535342,0.057242848,5.6808887,0.08333471
165258215,8.545142,0.03174556,5.6727996,0.12839109
165392354,8.553962,0.049061514,5.6655197,0.0841445
165526492,8.538564,0.064008236,5.6489677,0.025066745
165660630,8.548042,0.052642994,5.667404,0.081332125
165794768,8.546571,0.045891795,5.693997,0.12824652
165928906,8.535247,0.049480643,5.744597,0.14640138
166063044,8.501723,0.07283619,5.7301373,0.17692636
166197183,8.484883,0.04891598,5.757124,0.1714463
166331321,8.489728,0.027706569,5.754745,0.18726832
166465459,8.510755,0.075979054,5.7426033,0.21063076
166599597,8.526347,0.10554447,5.778343,0.119085625
166733735,8.527046,0.07346415,5.8271756,0.096374296
166867873,8.521008,0.09786454,5.8211246,0.08636041
167002012,8.535573,0.0866196,5.815679,0.09448509
167136150,8.518683,0.100251265,5.8241105,0.0974477
167270288,8.546815,0.09774515,5.838367,0.12987292
167404426,8.545466,0.073193006,5.8745294,0.115299225
167538564,8.55092,0.06167046,5.823744,0.07051827
167672702,8.535828,0.06819843,5.791369,0.07524937
167806841,8.538911,0.043129746,5.7555656,0.070833005
167940979,8.565021,0.058502145,5.7700095,0.08618103
168075117,8.551852,0.054066874,5.7230086,0.05433414
168209255,8.586667,0.05636974,5.677374,0.12517692
168343393,8.574666,0.06885914,5.629637,0.17822003
168477531,8.553867,0.051350143,5.6033397,0.17904523
168611670,8.555146,0.05917688,5.636339,0.19949362
168745808,8.532966,0.041095056,5.6560383,0.20028155
168879946,8.563002,0.07524987,5.7237678,0.18364725
169014084,8.563369,0.11852751,5.7247243,0.2217748
169148222,8.547031,0.09268604,5.708918,0.21246475
169282360,8.518995,0.106879,5.7113605,0.15478876
169416498,8.487096,0.11314449,5.7302246,0.13763146
169550637,8.5050535,0.088929996,5.7372017,0.1351972
169684775,8.487881,0.02679493,5.690148,0.12800767
169818913,8.512426,0.023455646,5.6544666,0.12218146
169953051,8.52785,0.009585807,5.655687,0.16584115
170087189,8.508399,0.07268407,5.6401176,0.16523395
170221327,8.507559,0.048284568,5.6261063,0.17961878
170355466,8.520136,0.04689147,5.6234956,0.17089945
170489604,8.521456,0.056479625,5.641146,0.18665838
170623742,8.51931,0.054220516,5.6270313,0.15754345
170757880,8.500712,0.053124636,5.677662,0.112594835
170892018,8.507308,0.075685024,5.676562,0.13640015
171026156,8.52991,0.09246572,5.698906,0.14899834
171160295,8.523586,0.10373158,5.675682,0.15359259
171294433,8.521228,0.11242969,5.7047806,0.15785328
171428571,8.512438,0.08037042,5.7209697,0.19316095
171562709,8.514527,0.102683626,5.732206,0.20396066
171696847,8.513076,0.091721535,5.7689853,0.19291332
171830985,8.511767,0.08464446,5.72542,0.16793446
171965124,8.53059,0.09546882,5.7162113,0.17586021
172099262,8.527532,0.07379006,5.7579236,0.1756293
172233400,8.541444,0.04462167,5.7221313,0.23124251
172367538,8.540634,0.019342951,5.6732507,0.2149453
172501676,8.553237,0.028713541,5.652593,0.17307486
172635814,8.567913,0.05188098,5.674,0.15880792
172769953,8.557789,0.058877986,5.689934,0.12785628
172904091,8.605344,0.041152477,5.68094,0.06246377
173038229,8.601476,0.061700013,5.6928463,0.08875599
173172367,8.571328,0.070341624,5.696895,0.11101979
173306505,8.574196,0.08244885,5.710539,0.039908975
173440643,8.586776,0.04887422,5.7428184,0.05490646
173574782,8.561432,0.10785492,5.735203,0.064499974
173708920,8.571956,0.09997789,5.7783494,0.08598836
173843058,8.581426,0.10132559,5.7638474,0.10447932
173977196,8.613284,0.09802034,5.77413,0.08459486
174111334,8.591954,0.12724721,5.7967167,0.083777905
174245472,8.626094,0.17811598,5.7737117,0.060251985
174379610,8.623485,0.20912187,5.779674,0.0808399
174513749,8.601135,0.20708902,5.7683735,0.13301703
174647887,8.59769,0.20915096,5.764869,0.10207197
174782025,8.607919,0.20207332,5.7717156,0.07449909
174916163,8.597127,0.19648899,5.807877,0.06294158
175050301,8.580749,0.1280988,5.76709,0.071146
175184439,8.572674,0.14561343,5.7703805,0.038032167
175318578,8.5920725,0.16411734,5.753343,0.04652992
175452716,8.586198,0.12440999,5.808008,0.11870311
175586854,8.624246,0.12872228,5.8038735,0.120612845
175720992,8.621821,0.114023246,5.7601533,0.1209161
175855130,8.649639,0.08836146,5.724138,0.15115617
175989268,8.678008,0.08489409,5.6950574,0.13280669
176123407,8.660207,0.08098165,5.758885,0.11679355
176257545,8.65752,0.11614723,5.8129964,0.06158698
176391683,8.651769,0.08573709,5.7850304,0.0197448
176525821,8.606591,0.11317396,5.7765274,0.07082618
176659959,8.6226,0.14610212,5.7622085,0.077765875
176794097,8.643673,0.12034578,5.7426543,0.0987576
176928236,8.642638,0.079575,5.715055,0.1436354
177062374,8.631707,0.08728851,5.7235494,0.0995023
177196512,8.618538,0.06939952,5.694528,0.112674594
177330650,8.620017,0.102707885,5.691742,0.119779944
177464788,8.658015,0.06793024,5.699234,0.1355931
177598926,8.61888,0.113495946,5.682644,0.10177018
177733065,8.623659,0.0755367,5.691046,0.14882065
177867203,8.587959,0.02665028,5.695275,0.14443453
178001341,8.592498,0.027840186,5.702414,0.16464345
178135479,8.619914,0.025702022,5.712173,0.17440706
178269617,8.6045885,0.0313945,5.7676225,0.15402949
178403755,8.610797,0.042685423,5.7341933,0.12910289
178537894,8.609717,0.06415839,5.750774,0.18330207
178672032,8.548745,0.041024458,5.79903,0.23685731
178806170,8.557204,0.063236706,5.8124604,0.22197784
178940308,8.521483,0.049529772,5.8312144,0.20221525
179074446,8.519336,0.06953062,5.828093,0.24106085
179208584,8.52407,0.11189885,5.85195,0.25720444
179342723,8.491662,0.17450328,5.856755,0.24194649
179476861,8.505829,0.18229662,5.8310795,0.18398699
179610999,8.535247,0.1640672,5.8079715,0.13012043
179745137,8.515055,0.13390465,5.8305078,0.14862938
179879275,8.530216,0.10256758,5.83079,0.18725449
180013413,8.540527,0.11664038,5.864378,0.1946235
180147551,8.533141,0.117073834,5.864607,0.16920447
180281690,8.54316,0.09874301,5.8314795,0.20405553
180415828,8.592177,0.109560505,5.841665,0.20363173
180549966,8.612961,0.13297659,5.8808312,0.21257347
180684104,8.634998,0.1389016,5.816082,0.24068335
180818242,8.608165,0.11997937,5.7644734,0.17079012
180952380,8.630681,0.12845266,5.764693,0.0707453
181086519,8.630947,0.0922705,5.828224,0.0662759
181220657,8.624518,0.123270966,5.8154016,0.09265343
181354795,8.6354,0.07668273,5.8671947,0.090328574
181488933,8.58186,0.016433638,5.8704753,0.10695725
181623071,8.567008,0.01942303,5.8634276,0.15728427
181757209,8.586974,0.011853367,5.8904185,0.14501657
181891348,8.598276,0.06508522,5.851376,0.118277885
182025486,8.575115,0.041254748,5.902906,0.1107811
182159624,8.570937,0.052092046,5.9026146,0.09336583
182293762,8.57051,0.035378482,5.8756866,0.15726617
182427900,8.556792,0.07428641,5.8214517,0.16897075
182562038,8.544446,0.06169229,5.78264,0.15386957
182696177,8.553334,0.07734476,5.7843757,0.15124527
182830315,8.554668,0.09639969,5.709272,0.21012801
182964453,8.579201,0.104130566,5.7583447,0.16319498
183098591,8.591281,0.061049413,5.80251,0.18130033
183232729,8.582153,0.038557287,5.795592,0.21703427
183366867,8.580605,0.033758458,5.776033,0.15973313
183501006,8.582543,0.041991014,5.74843,0.11361084
183635144,8.587623,0.03529658,5.783587,0.093262024
183769282,8.5888605,0.040106367,5.768562,0.04958456
183903420,8.586641,0.06737542,5.7450385,0.042478997
184037558,8.591311,0.044504832,5.7138677,0.09573752
184171696,8.605514,0.07321053,5.689148,0.15925515
184305835,8.6082945,0.006194098,5.6768994,0.12490067
184439973,8.577465,0.022464566,5.715877,0.19229142
184574111,8.559719,0.065118216,5.6776223,0.22789976
184708249,8.583747,0.06822183,5.6331935,0.3055173
184842387,8.595372,0.09745289,5.6265407,0.32923988
184976525,8.602502,0.10021499,5.68722,0.29905245
185110663,8.618918,0.07555421,5.721831,0.23373893
185244802,8.597027,0.09121532,5.752981,0.23136349
185378940,8.567324,0.09935039,5.7643504,0.27198863
185513078,8.543924,0.1239085,5.7912483,0.30230892
185647216,8.562865,0.082017034,5.72879,0.33693776
185781354,8.5932455,0.06518561,5.705911,0.2816896
185915492,8.593922,0.101732686,5.6519866,0.2582954
186049631,8.597862,0.12682433,5.606788,0.23835635
186183769,8.598077,0.07597948,5.6027756,0.20535977
186317907,8.608269,0.044491857,5.5891647,0.21244764
186452045,8.580775,0.084212065,5.5935817,0.21363993
186586183,8.569364,0.08563346,5.6408906,0.22658077
186720321,8.595761,0.0832005,5.676801,0.20963272
186854460,8.5861845,0.04414407,5.695788,0.21061261
186988598,8.5942335,0.01665108,5.7095428,0.19107191
187122736,8.581476,0.026744626,5.7085876,0.13785891
187256874,8.593329,0.093096085,5.757729,0.17276879
187391012,8.587329,0.10384642,5.7619567,0.20625846
187525150,8.625262,0.0811752,5.769094,0.20086226
187659289,8.626069,0.12297353,5.785518,0.1824697
187793427,8.593463,0.09135079,5.8036327,0.16615278
187927565,8.60745,0.06697176,5.7966027,0.20860557
188061703,8.626705,0.12584637,5.7769427,0.178611
188195841,8.600701,0.10872072,5.832582,0.1920652
188329979,8.587298,0.14603856,5.8126564,0.13523395
188464118,8.575234,0.15964326,5.878058,0.1111579
188598256,8.564378,0.1569884,5.893585,0.025681773
188732394,8.601274,0.14604338,5.8842263,0.05233266
188866532,8.581146,0.14789483,5.892471,0.103733964
189000670,8.596365,0.1285111,5.8665576,0.10794901
189134808,8.606729,0.092905305,5.853235,0.12393686
189268947,8.612721,0.083941296,5.817911,0.11046521
189403085,8.58145,0.07554707,5.80612,0.16094658
189537223,8.569972,0.04782693,5.8155084,0.215189
189671361,8.546308,0.06362902,5.7872906,0.14155656
189805499,8.555011,0.11044954,5.7385616,0.1424401
189939637,8.562842,0.08836334,5.764705,0.0841599
190073775,8.529891,0.09055184,5.774902,0.065022185
190207914,8.516902,0.11761174,5.7607446,0.12575686
190342052,8.508546,0.10682392,5.77467,0.110548295
190476190,8.481025,0.080269635,5.77387,0.0906263
190610328,8.499588,0.07591,5.7864823,0.112167545
190744466,8.46963,0.058944177,5.8078346,0.101874955
190878604,8.482667,0.044531085,5.850384,0.12954411
191012743,8.5144005,0.048830718,5.8320127,0.15981822
191146881,8.52296,0.05719266,5.7988114,0.112930454
191281019,8.503998,0.06356368,5.795597,0.15071547
191415157,8.550264,0.05158244,5.782704,0.15056992
191549295,8.565238,0.053906832,5.7711005,0.108278394
191683433,8.565381,0.035019506,5.7639904,0.027807867
191817572,8.575509,0.06274273,5.734258,0.05777064
191951710,8.567958,0.10192401,5.740832,0.07843144
192085848,8.561162,0.086311884,5.7467494,0.09406
192219986,8.541714,0.06256536,5.7187405,0.07651958
192354124,8.5408745,0.052754723,5.7102,0.054092366
192488262,8.526788,0.030287217,5.735847,0.05559864
192622401,8.547442,0.056328755,5.7389283,0.05720687
192756539,8.556031,0.073408164,5.768369,0.10568022
192890677,8.590428,0.066066734,5.7348657,0.10993704
193024815,8.561385,0.04408943,5.721379,0.17940785
193158953,8.57858,0.053526666,5.759241,0.20137265
193293091,8.590722,0.061538197,5.769984,0.1644955
193427230,8.614983,0.07535532,5.752985,0.18665698
193561368,8.6201515,0.09690103,5.6943536,0.20292798
193695506,8.618136,0.07034425,5.721585,0.22800621
193829644,8.579656,0.04319622,5.7194266,0.21488804
193963782,8.581691,0.058643017,5.7408166,0.22346137
194097920,8.593521,0.050769087,5.780069,0.24614473
194232059,8.617503,0.0469541,5.772062,0.29434085
194366197,8.622418,0.04127867,5.751522,0.35667014
194500335,8.603511,0.08366702,5.7263703,0.32100332
194634473,8.576493,0.1156644,5.7170663,0.29055193
194768611,8.59551,0.089583464,5.738693,0.22943664
194902749,8.585959,0.13026707,5.7481575,0.1742173
195036887,8.600697,0.12754914,5.740008,0.16615464
195171026,8.567294,0.08525192,5.706007,0.16114677
195305164,8.550565,0.11241309,5.722073,0.12748487
195439302,8.5488405,0.13039401,5.7831993,0.14425077
195573440,8.530623,0.14240155,5.8082123,0.17912313
195707578,8.524228,0.13813612,5.784058,0.15436877
195841716,8.535138,0.1396553,5.808985,0.21919003
195975855,8.541625,0.13068928,5.7880874,0.26925442
196109993,8.510796,0.17351292,5.7559447,0.23328067
196244131,8.509715,0.12968135,5.737017,0.1810211
196378269,8.498744,0.09095467,5.709982,0.20413066
196512407,8.542203,0.10147362,5.6956506,0.2255452
196646545,8.517983,0.10779635,5.6727524,0.22478822
196780684,8.526185,0.122868344,5.695477,0.20241866
196914822,8.523566,0.10304972,5.7192626,0.17784789
197048960,8.527877,0.06088368,5.6940026,0.18440391
197183098,8.525088,0.037736896,5.751269,0.17902096
197317236,8.505913,0.026629731,5.8194757,0.17659362
197451374,8.498655,0.036797557,5.8541946,0.20055263
197585513,8.522123,0.062276226,5.8154416,0.20113939
197719651,8.536577,0.056506593,5.780565,0.17673573
197853789,8.529586,0.070596054,5.7891746,0.1579752
197987927,8.563294,0.08868431,5.820257,0.15676574
198122065,8.546966,0.10011948,5.7815647,0.12850666
198256203,8.528935,0.14043841,5.8234086,0.039507575
198390342,8.552708,0.107443795,5.8310676,0.01900889
198524480,8.567437,0.08057464,5.851294,0.02581376
198658618,8.57736,0.08789415,5.839498,0.0882946
198792756,8.606292,0.04862198,5.8422146,0.05698649
198926894,8.595662,0.048722077,5.82466,0.13390085
199061032,8.569429,0.058023874,5.7855277,0.11566587
199195171,8.582486,0.091194354,5.783642,0.14242269
199329309,8.597569,0.11981599,5.8052773,0.13488197
199463447,8.617814,0.14561728,5.7547493,0.11234448
199597585,8.569366,0.09653049,5.765941,0.06908189
199731723,8.579096,0.101479955,5.8060136,0.117939554
199865861,8.60452,0.13101807,5.8220787,0.2134861
200000000,8.617401,0.1265089,5.7765374,0.2301904
